ID,Web No.
06.08.001,2965
06.08.002,2966
06.09.001,1901
06.10.004,2969
06.11.001,1904
06.11.002,2970
06.11.004,2971
06.11.005,2972
06.11.006,2973
06.11.101,2686
06.11.103,1905
06.11.203,2687
06.12.001,2974
06.12.002,2975
06.12.003,1906
06.12.004,2976
06.12.005,2977
06.12.006,2978
06.12.007,2979
06.12.008,2980
06.13.001,2981
06.13.002,2982
06.13.003,1907
06.13.004,2983
06.13.005,1908
06.13.005S,1683
06.13.006,2984
06.13.008,1909
06.13.010,2985
06.13.109,1910
06.14.001,1911
06.14.001S,1686
06.14.002,1912
06.14.003,1913
06.14.004,1914
06.14.005,1915
06.14.006,1916
06.14.007,1917
06.14.008,1918
06.14.009,1919
06.14.010,1920
06.14.011,1921
06.14.012,1922
06.14.013,1923
06.14.014,1924
06.14.015,1925
06.15.001,2986
06.15.002,2987
06.15.019,1591
06.15.019S,2580